{"cameraMode":{"drawMode":0,"name":"Shaded","section":"Shading Mode"},"sceneLighting":true,"audioPlay":false,"sceneViewState":{"m_AlwaysRefresh":false,"showFog":true,"showSkybox":false,"showFlares":true,"showImageEffects":true,"showParticleSystems":true,"showVisualEffectGraphs":true,"m_FxEnabled":true},"in2DMode":false,"pivot":{"x":0.40070098638534548,"y":-0.12998999655246736,"z":0.9300000071525574},"rotation":{"x":0.02129354141652584,"y":0.5185989141464233,"z":-0.012920706532895565,"w":0.8546617031097412},"size":-0.5926049947738648,"orthographic":false}